﻿<?xml version="1.0" encoding="utf-8"?><bwFonts xmlns:xsi="http://www.w3.org/2001/XMLSchema-instance" xmlns:xsd="http://www.w3.org/2001/XMLSchema" fontfactoryurl="story_content/FontFactory.swf"><font id="00" name="Open Sans HebrewBold Charset1 6es3SnOybQD"><glyphs><g i="0" c="256" p="#^VBjvnBKvxA_vHzewGyewFxewRwVv%Rw4tGxit7yitByitUy7tbzYslzEsAz5sAzkr%Azaj%Pxlj%PxxgzB$fgF$f0I$foJIg4K2hwKwhZKZhcLFisLkjxL1kDLKkDLIl%DL$v%TH$v%THHlTHTiOETi6ETiiDVi%iDkriD9uVBjv" /><g i="1" c="257" p="%^kHAvkH$vDD$vDDAv#DDBuXDRs#fE5rJEQp9H5jYx5jYxfgeLfgeLuiBIHp#kH7tkHAv^pB0CYx0CYxzmpBzm" /><g i="2" c="258" p="#^KD$fTG$fCI8ilKhklK6olKXrAI5uPGewKDewGAewUy5u6xYr6x7o6xEmHxelgyPjZy9j%Zy2j%lx9j%lxlgbA$fKD$f^VA7oVAgtKDgtzGgtzG4ozGTiKDTi%mCUiVAVkVA7o" /><g i="3" c="259" p="#^6xAl6xkkwxljXxliAyKhez7h7AJgIB$fLD$fKE$fBFbgsGngmHWggIshVIkiyJbjYJGkmK9mmKRnmKwpaKHq$JSrGJHslJwtSI9unINuPHavgHzvBGPvnFewMDewaCewLA8wkz3wGy_v%2yUv%2y9tRAntLDntPEntuFMs$FjsjGbrwGrqxGBpzGKozG6ozGunyG3nyGEmuG2mqGsljG3lcGGk_FfkNFPjuFzjOEZiLDZiZCZipCcjRBqjzBJjiB$j7BokVAXkVAvlVA3m8BymnB1nKBinpCPnZCWn%qD0o%OCOq%9CIqsAuqBz4q6xYo6xAl" /><g i="4" c="260" p="#^GAagwC$f0E$fxF$fzGagBHlghIIg_I2hqJwhTJZh6KFimKkjrK1kxKKkxKIl%xK$v%OG$v%OGHlOGTiHDTiBCTi9B$iJz6jQydj%Yxlj%YxxgRykgGAag^HB$v%Yx$v%YxYl%HBYl" /><g i="5" c="261" p="#^IF$v%zy$v%exfg%OAfg%tB7oCB8oQB8oOC8ogDEnKD7nQDWl%iEfg%QHfg%nHUl$GHqnCHq7CHqHBFq%UB8t%TF8tVH8t$Izr6KZpkKbn%WKfg%uOfg%VN5nINjphNFqCL$vIF$v" /><g i="6" c="262" p="#" /><g i="7" c="263" p="#^CAfgtBLitBWl%tB$B%Kx$B%KxWlKxLiUwfg" /><g i="8" c="264" p="#^nB$fPC$fXDqg3FQgMFwhtGciWG9jKHTkKHdn%KH0pKHbqAH9rrH6s0H5tBG3uVFKueFov3EPvVCewnBewByewOwUv%Ow_sNyetVAetYCetBDGr$DMq$Dpp%$DRm$DZjpCajOBTiVATilzTiOw8j%OwggZy$fnB$f" /><g i="9" c="265" p="%^NxGqNxfgwBfgwBwn1zGq" /><g i="10" c="266" p="#^cyUkcyIijxeg%TAeg3BIgeBlh%ABFi%OBFiSByiXBni1CbirCKhRCghkDWgPDAgFEigwF$fzG$fDH$fuIpgmJPgUJthqK7iMK3jmLJkmL4n%mL$v%DE$v%DE8t%yH8t%yHwnyHkl9HrkZG2kHGHj7GYiVEYilEYiPDdjhDujWCSjcCDkWBdl%OBvl%TA$v%ex$v%9y$lcyrlcyUk" /><g i="11" c="267" p="#^5B$fxC$fFDqgNEQguFwhbGciEG9jsHTksHdn%sH$B%JD$B%JDRmJDZj8CajwBTiDATi3zTiww8j%wwggHy$f5B$f" /><g i="12" c="268" p="%^zAfgSIfgSIFiJG8qpF$vNB$v5D8q6F5jRw5jRw$czA$c" /><g i="13" c="269" p="#^QxdgTy$f2A$feB$f3CfgVCvgrDXgZDmhhE$hRE7jREVk%REjrREtsHEEtxEOunEov%eE$v%6x$v%6x8t%VA8t7Bcs7Blq%7BVk7BvjrA6j7AXiGzXiLyXiQx9j" /><g i="14" c="270" p="%^GB$vYx$vYxfgGBfg" /><g i="15" c="271" p="#^mK$v%Vw$v%Vw8t%_C8t%MFjt%MFgt%lC$o%Nwfg%YAfg%mFlndG6mrGIj%JGfg%qKfg%aK9j_JelBJfmoJNm6JrnwIJodHQp%mKRt" /><g i="16" c="272" p="#^wwfgOy$fzA$fkC$flDagnElg3FIgMF2hcGwhFGZhVGFi9HkjeH1kkHKkkHIl%kH$v%AD$v%ADHlADTitATiVyTiww7j" /><g i="17" c="273" p="#^HB$fEF$fXGxhCHliPHkj1Imk1IIl%1I8t%QJ8t%QJ$v%ex$v%ex8t%jE8t%jEHljETicBTiDzTiQx5j%ex9j%exdg1z$fHB$f" /><g i="18" c="274" p="#^Yx$v%YxxgRykgGAagwC$faE$fzH$f2J6hxKcixKDk%xK$v^OG8t%OGDkOGwjWFaj9FTiHDTiSCTiHBYi%HB8t" /><g i="19" c="275" p="#^KKfg%KKUlKKYnWJ0pBJrp_IRpoIeqAHtq%5L$v%SG$v%aCboBBromBYo8Btp7Bjq%7B$v%qx$v%qxmqqxLptxhpxxPoJxfoVxGneyenAyOmazpmNz$lDAMl%6xfg%lBfg%wEDl%1G2oAGOnOGin0HNm1HWl%1Hfg" /><g i="20" c="276" p="#^RBUdlEUdQF6fkHjgkHkikHGjJGEk6GBlnERmcDInUC9oBCCoBClp%BC4q%mz4q%mzapmz$nSz7nmAfmGBjl_CmkoDOjODejODuiODJhdDjhECUgABUgLzUgox5i%3wqfOyUdRBUd^ZyeuZydtwzIs3Aas5Bas7CasHCJsfDftfDeufDdvGCNv6Ckw5Bkw5AkwxzNvZyevZyeu" /><g i="21" c="277" p="#^Yx$v%YxxgRykgGAagwC$f0E$fxF$fzGagBHlghIIg_I2hqJwhTJZh6KFimKkjrK1kxKKkxKIl%xK$v%OG$v%OGHlOGTiHDTiSCTiHBYi%HB$v" /><g i="22" c="278" p="#^2Dln%1Els0FJryFAq5GrpfGDn%UGfg%AKfg%ZJ5nNJipcJIqsH1vRB$v%RwJw%RwRt%SAft%qxfg%7Bfg" /><g i="23" c="279" p="#^qxeuqxdtZxIswyasyzasAAas7BJsHBftHBeuHBdv7BNvzAkwyzkwyykw_xNvqxevqxeu" /><g i="24" c="280" p="#^6Jfg%6JXiBI8j1IwjqHZjbHBkYGdlYGdm%YG$v%eD$v%eD7meDslpDVkBDmkTD2kqEqjTEfj%4Faj%4F5j%ww5j%wwfg" /><g i="25" c="281" p="#^ZDfg%ZD5joDyjVCmkqC9l9CWlUBGmNBCnHBxoGB3pFBApFBHq%FB$v%Xx$v%XxHqXx7oAyumdzUkVzakDAsj0Bgj%bBaj%bB5j%lx5j%lxfg" /><g i="26" c="282" p="#^zz5iAA5i7BEiHBajHBakHB9l7BIlzAemyzemyyem_xIlqxalqxakqx5izz5i^qxeuqxdtZxIswyasyzasAAas7BJsHBftHBeuHBdv7BNvzAkwyzkwyykw_xNvqxevqxeu" /><g i="27" c="283" p="#^GF$fBH$fKIKg6Lci6L7o6L2slJ8uBHewkEewZCewOBIvDA9vLz9uTy8tnyBrTx2qTx7o%Txgg%DBgg%DB7oDBHqjCZr$CftsEftWFftEG2smHQqmH7omHwlYGjkDGhjEF2jdFYiyEYi%MD0j%MDggFE$fGF$f" /><g i="28" c="284" p="%^wABk6yBkCx8e0B8e" /><g i="29" c="285" p="#^LAlvjAHvBzZvTyeweyewCxewRw6w%6xEs8xFsqxIsJxLs$xLshyLsLyKsezJsVzvsTAcsrBlr$Buq$Bmp%$BVk$BvjjB6j0BXixAXivzXiIy9j%qydj%qyhgvz$fRA$fcC$f3DggXDwgrEWgYEkheF$hxFFiDFkjJF$jJFVk%JF$v%VC$v%mCIt%aCIt_B3uABxubB$uLAlv" /></glyphs></font><font id="10" name="Open Sans Hebrew Charset1 5Y418SkTN8C"><glyphs><g i="0" c="256" p="#^Kx1lKxEiUwgg%Vygg$yvg8zWghzlhwzBiMzQjMz1l%Mz$B%Kx$B" /><g i="1" c="257" p="#^ly9gez$fgA$fiB$f9Cfg1DugDDVgeEjhHETh9FrisF2jLFFjWFkkgGvlgGMm%gGrpgGaq7G0r_FSrMFtszF4t5FPtEEyu1E2vqDyvpCUvpBewiAewbzewly7wvx0w8xUv%OwNv%OwYtoytuiAtu2BtuEBgufC2uECJt2DntlDVsFDqsPD_rZDxr4E0reEfqeEpp%eE0neEslUDqkLDZjrDsj8DXiKCCilCgiIB1i3BOh9AOhgzOhoyYhxx5iaxgi%Owqi%OwCgXwxgbxrgrxlgly9g" /><g i="2" c="258" p="#^JIfg%JImlJImmDI5nyIPnhIDoKHfqXFYq%$I$v%IG$v%SCpp%0BDmwAPmiA$m8zXn8z8q%8z$v%6x$v%6xTq6xcoVxVmdyomNyXlmztl9Acl%7xfg%qzfg%1Dlm%4FvpIF7p$FKoiGlovGHnIG0nIG5m%IGfg" /><g i="3" c="259" p="%^Tyfg9Hfg9HPh2FTpND$vKB$v$CTp8FPhRwPhRw0dTy0d" /><g i="4" c="260" p="#^ww5gdy$fAz$fXA$fQBagKCkgwDIgiE3hQEEhZFTiZF$k%ZF$v%XD$v%XD_kXDJhzzJhfyJhwwPh" /><g i="5" c="261" p="%^Zz$vYx$vYxfgZzfg" /><g i="6" c="262" p="#^5EquBGqueIDsUJQqeK7n%SKfg%TMfg%hM7n9MIoMLXpoL9r_KXrBKIsWJutgJfuqIOuBHkvoGGvcF$vMD$v%yy$v%exfg%hzfg%0A2p%EBwoxDVnPD6l%hEfg%jGfg%VFokPFdlGFUlyFymeFgnXEZnvEwo4E3pmDwpFCZpKBbq%8ADq%sAqu" /><g i="7" c="263" p="%^NxGqNxfgPzfgPzBocyGq" /></glyphs></font><font id="20" name="Myriad עבריתBold Charset1 5nXn4kHbCfN"><glyphs><g i="0" c="260" p="#^rw3wOw1wpx0w1y$vKy$vrz_v3A_v%jI_v%WI5s%eH5siHSrjHgrlHFqlH3qmHspmHdp%mHtnoHtl4HjkNG9jTFGi_EbidDci%9BcizzciKybiWx9ixx4i%UwUldx$lXx3mFy6mEz6m%ZB6mRC6miDjmMDvmXD_m6Etn9ElobEOobEtpcE8qcERqdEyrdE5s%ZA5spA5sGz5sXy5sey7syx9s5xds" /><g i="1" c="261" p="#^eA_v%wD_v%wDaoxD7maDYkPCNjTBcjYADihznieyciJx5icx_hVwVh%hwGlCwNl3xUlwx_lmyamvzomTzVmgAqneAIo" /><g i="2" c="262" p="#^az9wHz9wvA4wjB$veCUv9DMv_DCvgFovCGQuZHfu7JathK5s$KmqJLDoKL5mKLOkCLMjuLJijL6i%uHmiUHAj4IPkhI1mhIUmhI6ppHfqyGnrIETr$D4seDbsuCisHBjsFBasBBLryBjruBVqrBuqrBqqkD6qpEqpvFKoXFHnoGEmnGhlnGokfGxj7GGiYF2i%aClisChjCCdkNC9lOCOlPCAmuC7n9CFnaBUn_AumOAhlDA3ktAdjkAnigA4i%lwliEwcj0xQkpxrmPxsodysqzyusWyvuaz9w" /><g i="3" c="263" p="#^dx_v%vA_vHARuVACt8BmsnBgrDB9qQBrp_BIojCUnEC4neDwmQDXlOEVlUFXlpGzmWGan3H9odH8pcHeqcHbr7H7s%RF7s6F6ssE8sOD9skDfs%IC3w$C1wFD$vjE_v2F_v%ZJ_v_JQv2Kiv7KLudK5ukKqtpKUsuKlsuKbs%uK5qwKUn5K3mHJekEI7jBH0iIF$hlE0iqDyivC4jYBPjpByk8BdlRARjSz$iTy8i5x$h%sw3mxxcm3yNmBymnsywonyapayrq_xIrJxbttxGudx_v" /><g i="4" c="264" p="#^XxcwDz_vgBbvVCoueE4tAFLrnGYpaH9obHXlbHmkKGyjiGKiuFsiGEaiADci%Izci%IzWgIz0gFz9fDzieyzGduz2dpzRc%3wkddwHdiwoenw5fowXfqwNgqwAh%qw6m%fC6m2D5mpDmmNDDmNDqnMDuo6DopsCiqiBZq9ADrFyXr" /><g i="5" c="265" p="#" /><g i="6" c="266" p="#^Aw8wMw5wax3wBx1w4y$vzy_vZy_v%KB_v%fC6sfCprcCfqaC4p6CXn3COm$B6m%2F6mcG5mBGFm$Gcn_GEo%_G_v%gK_v%gKlniKnl$JfkIJ7jIIFiJHbiGFci%kCcikBcipAciuzciOybi6yaiOx5i%8xSlpx_lUx2moy6mHy6m%Ky6mQyNmUyWnZy3p$ydq2znr2z5s%Oy5sby5sQx7sux9sexds" /><g i="7" c="267" p="#^rw3wLw2wmx0w_x$vJy$vsz_v3A_v%gE_v%SEds%SE$nTE$lsEUk1EMj$Cej_BHidApi7zdiyy6iZx_hFxVh%0xGltxQl6y_lLy8mHzjmTAxmfB2nDBynBBJo%BB5s%jA5sjz5sqy7syx8s5xbs" /><g i="8" c="270" p="#^FD_v%XG_v%XGlnZGnlFGfkmG7jmFFinEbilCci%2Bcilzcijybihx9iTw4i%hwUlAw$lhx3m$x6m$y6m%LB6mUC5mhDFmGDcnFDEo" /><g i="9" c="271" p="#^ZBbw1ENvLFzutHktwIkrzJkpAJBmBJ_kaJ0kLI2jKHDiKGbi0Fci%jBciHAciZzcigzciDybi$x9iBx4i%ZwUlrx1mhy4m8z7meA6m%rE6mqF5mSFomiGGmiGwnhG9pkF8qnE6rCCwr^yxRA%QARA%QA8p%yx8p" /><g i="10" c="272" p="#^_w2t%mwcxVy$w9BxwpD4wXEjv0Heu0INs0JkrjJKpCJ8oAJDmAJglpJ5kfJViYI4i%JElivFfkNFLl3Gfn2Gao1GFpCFAqbFvroEOr$DTppD3oPCfm8CJkuBajSA4i%bwli_wmjOxOkDydmlzLn3AhpAABq6BUrjBEsmARsdzXs4y1t_w2t" /><g i="11" c="273" p="#^dA4sgBEqVB4pyCvnzC3mAC$kcCfkRBujXA$i2AwiuyhiXxbizx6ibx0iTwXh%hwIlEwQl1xXlqx2mQx9mzyimUywmezKmezfndzRnPyLopyFpFxQq" /><g i="12" c="278" p="#^gzbwYz7w8B$vlCSvIDyv8FevyGnuZHvtVIUrSJgqVJJnWJlmvJ2l5JLj3IUi1H1icF$hDE_hbE2iLD5ifDfi%BC7m_C1mlDZlJDUldEUlmFWlYFAmzGenAGqozGSpMFKq_EBrDDUr0D0sBC4sbC7sYB8sCBlpbBKmNA7knA4i%lwliexrlYx0pGyAsgzbw" /><g i="13" c="279" p="#^Nw3w9x1wPx0wty$vdz$v_z_vEA_v%PI_vRIOvVIhv_IMu3J9u9JytdJ2tiJxsjJls%jJDokJimFI2l$HNjFGejjFHigDtiRBjiKAbiDz2i8zVhQyRipyNj$xIkHxDlnxymmxtnkx3pky$plzWqEB0r%dCxn1BtnFAbnhAUmjAymkAomoAdmsA2myATl5BZlKB4mnCam5DimhEvmVEOmyF5nNFHn1Ggo1Gkp%1G5s%7B5s6A5s4z7s2y8sqxes" /><g i="14" c="282" p="#^Gx_v%WB_vBB7viBZt0BPs_AerZAAq5BVpdBepzBGoLDprZEftbG5vGG_v%0L_vzKavUJ8ueJ5tsIZrHHRqUGOp_H9pBIiodJrnsJxmIJDlHJRkIJ1kCJmjxJHijJ2i%0FlipF7jIF4k$F0l1GSl1GumSFYmIFqnnFKnEDolvC0knBEiOA4i%bwki%7wvi1xkj1ynk2zqlRzomnyDnOxfpdxTqfxzsfxstmxlutxdvGx_v" /><g i="15" c="283" p="%^yx_vQA_vQAppyxpp^1G_vjJ_vjJOn#lJOl1Jzk#KIjjKHLi#LGbiJEciMBci#3Aci1zbi#$x9iBx4iZwUl#ix$l6y3m#Xy6mZz6m8E6m#YE6mmFmm#MFCmUFhn#1GYn1Gap" /><g i="16" c="284" p="#^sw3wPw0wqx$v2y_vLy_vtz_v5A_v%gH_vDH8uSHns6ICq6IOo8IhmIHRkgHoj6GNiYEaiQCci%UAciLzciRybiYx9iyx4i%UwUlex$l2y3mSy6mUz6m%YB6m_C6mDDlmgEzmyEdnQETnQE6pPETpLEHqHEvrBE7s%LA7s5A7smz7sDy7s$x9soxas5xds" /><g i="17" c="285" p="#^Zx_v%eB_v%eB6m%rE6mFF5m2GGmsGfnqGMo%qG_v%IJ_v%IJOnKJQlrJBk9JmjaINibHbiaFci%mBciFzciDyaiBx8ibx4i%zwUlGwWlZwYlhx_lDx0m_x2mey3m6yzm1ylnZx6oZxop" /><g i="18" c="286" p="#^Mw3wax1wTx0wBy$voz$vcA_vWA_v%YH_v%MIMsjIqsrHqrzGpqsF1pLGsorHHn8IVmoI_lFI2lEI$jEIrjyIXitIqilI4i%9EnirEYiFELjUExkVEalVEPlKEhmzEKm1E$m2DClaClkjB4jDA2i%IvlicwYiZwWjKxTkwyRlizPmRztnABApvCDqrDGrUD5s%gB5slA5slz7smy8sJxds" /><g i="19" c="287" p="#^$y6m%LC6mqCvmgC9n7CPn7C6p7C8q9CkrbCwsdCJtgCWuiC_v%BF_vxF4utF3sqF1qpFXnpFXmHFxm_F6mFG6m%8H6m%NHci%2Bcilzcijybihx9iTw4i%gwUlAw$lhx3m_x6m$y6m" /><g i="20" c="290" p="#^oFci%HAciEzciHybiLx9ibx4i%zwSlRw_lmx1mUx3mby3m5yxm1y1nZxwnZx6o%Zx_v%jJ_vrJkvAJtuKJCtRJXsYJfsYJ6s%YJOn_JPlHJAkoJljpIMiqHbioFci^OGUo%OG5s%6B5s%6B6m%UE6m1G5mqGLmPGonOGUo" /><g i="21" c="291" p="#^rwbwyybwPzjv4BquCBKsCBhtGBWtLBzuSB7vZBHv6C_v%oF_vcF9v5FSt_EysVE7r%NEgoJEhmmE7l$DZj3Dmj8CLioAqiDziiYyaihy1iUxVh%bxGluxPl7yYlNy5mwzimEAwm3BXmuBmntBio%tBOosB8qkA0rdzUr5xWr" /><g i="22" c="292" p="#^oDRA%FGRA%FGwlGG2kxGljoGDiYFpiwFaiEEci%1Bcikzciiyaigx8iSw4i%gwUlzw$lgx3m_x6m_y6m2z6mxz6m0A6mEA6mhB6mMB6mfC6mjC6mKC6mZCcmcDhmiDFmoD0noDRn" /><g i="23" c="293" p="#^aAbobBaoOBynpCVmpCWlnCTkNBgkcBEjbADjbzEjAygkZxUkYxWlZxVmzyynazaoaAbo^aAfwbBewOBCvpCZupC_tnCXsNBkscBIrbAHrbzIrAyksZxYsYx_tZxZuzyCvazewaAfw" /><g i="24" c="296" p="%^ZwvnZwFqFDFqFDvn" /><g i="25" c="297" p="%^VB_vzF_vzFLfqCLf7yKhLyBkRB6jVB6j" /><g i="26" c="300" p="#^tzfwuAew5BCvIBZuIBYtHBVs5BhsvAFruzEruyFrTxisgxWsfxYtgxZuSxCvtyewtzfw" /><g i="27" c="301" p="#^AI_v%AITs%sCTs%sCPs%YDzr8Fxq6Grp5HkoGH7nfIWlgIAkgI4jCHXhYGOgHF8gqEufACufWAvfyzZfbyrgfx9h%kyTjZymjSzYiLAyiOBwicDyiRDdjuETjuEUksEQlSDQmgDPn5C0pWAdq9zOr%2xHt%2x_v" /><g i="28" c="302" p="#^Xw6vGxAvWyVvaAewMBfwQDfwjFCvPGZuCHStpIKspIhrnIGpnHEooGCnUEln%UEhnoGLm7HOlTHQkSHwjSHpieHvhCGAgpF1gdEuftCufTAvfxzSfcydgsxIg%dysjLy7jGzPiCAviDBtiQCuiqDYi1Eqj1Eak$DSkyDgl6DGlrCSlNB1m7B2m%Fz2m%FzLo%cBLo2CLoNC$oxDfp_DMpsEhqtE4rtE0sJDDsZCetuBgtiAetgzUsfyysJxgs" /></glyphs></font><font id="30" name="Myriad עברית Charset1 5c37dB1u9sf"><glyphs><g i="0" c="260" p="#^tz9w7A6wbBZvfCQvsDCvqFhv6HluPIptRJArUKKpVKImVKilJK9kxK$ijKji%VHvigIrjvIHkLIXlMIcnLIip9IzqzHPrsGtslF7tODrtTCEtaCKtuBPt4BRt$AptUAOsOAasIAFrDA8rBA$qHCAqLDOpPE$oaFYnyFUmwFIlvFMklFRjbFWi$Ehi%ECuiXClj7DikjDelkD0mlDVm7DznVCdogCGoDB6poAop0A4nMzClwz8kmzmjczzi7zhi%LwuiZw7jfxokyxElSxfnbyRouywqOybs2zGtjz9vtz9w" /><g i="1" c="261" p="#^_D_v%UF_v%UFynWFrlAFjkfFbjiENimDniyBpi%$zpiJypiPxoiVwnixwii%6wxknwCk3xEkMxGkTyGk%mBGkwCGk4D3lEDrlPDem$D0n_Dfo" /><g i="2" c="262" p="#^TyGk%wDGkgD$k7DBl$Cbm$Csn$CRo1Dwq3Das6DFt9D8vaD_v%6F_v4FLu1Fet_EJrYE7qWEwoVE$mVEGl8FalnFFkXFGk%UGGk%lHpi%$zpiIypiOxoiVwniwwii%5wxkmwCk3xEkMxGkTyGk" /><g i="3" c="263" p="#^vw3wMw2wkx0wVx$vzy$vez_vOz_v%gD_v%HDNt%HDJnIDVliDUkUCTj$Bnj6BTiGzCiSysijykiMxciwx6i%5xikpxpk_xzkAyIkgzRkmA5lUAslrBPlBBsmMB4nLB8o%LBJt%$zJtNyJt3yLtmxMtWwPt" /><g i="4" c="264" p="%^Tx_vPz_vPzRoTxRo^6H_v0J_v0Jxn#2JvlHInk#kIfjnHPi#rGniGEpifBpi#Yzpi3zoi#ayniOxiinxxk#ExCknyEk#7zGkfAGkvEGk#FFGkdG3l#NGslYGjm#7Han6Hyo" /><g i="5" c="265" p="#" /><g i="6" c="266" p="#^QwIu%pw9xzx0xSyMw9AwwnBawCCQvADpvCFuuHGetNHZrbIqqCISoBI1nBIsloIckbIXiYHhi%tFxi_FNjfGalwGzmxGGnwGZpOFhr5FBsID9tmDTrQCnqjCToHBnn4BSlsAykRzejkzji%Gwximxyj7y0lVyumEz6ooAJp_AcrABHsVBKtUA3uvzju7yzuQwIu" /><g i="7" c="267" p="#^$z_v%XB_v%XBQnYBYlCBUkgBQjsAjjEzNifyviAxoi9xiiLwciww6i%5wiklwpkKwwk8xCkOxNkLy$kdzolIzNlRzsm$z6n$zao" /><g i="8" c="270" p="#^Rw3wgx1wgy$vgz_vxA_v%eH_v%FH8ulHUtlGLslFBrMDvpIFGovGrnjHbmhHqkhHPjbHhj6HKiZGhi%wEviLE2jVEJj4Fnk5FYk5FElXEemNEPmiEjnQDPnUCboaCenpB8mEA2lWz1kdz0jHyfi%UvviGwvjHxQkIy9mHztnIB8qWCGr8EctFEJt%NAJtHzJtLyLtQxMtmxRt" /><g i="9" c="271" p="#^dzOq8ArpFA8obBRmbBFldBikuABjLzUi$xxixxqi9xjiNwciww6i%5wikpwrkNwzkaxGkDxOkty1lSyklfzDlfzemezZmQyWnrySoGx2q" /><g i="10" c="272" p="#^uw3wOw1wlx0wUx$vxy$vaz_vJz_v%TH_v%iIJt%tGJtvGutwG5txGHsyGhszGSrzGBr%zGtnBGMlkGEk3GwjcFZimEpiBCpi%CApipzpiByoiOxniqxii%ZwxkfxCkYxEkFyGkKzGk%WBGk5DGkGD2lfEplrEemEE2nEEnoGE1pGEYpGESqGESrGERsGEJt%SAJt9AJtozJtDyJtZxLtjxNtWwRt" /><g i="11" c="273" p="%^Fx$wEEUeYCUe_v$w" /><g i="12" c="278" p="#^5BbweDFv$EmuMG2tQH1rUI$oVIimWIVkBI2kgIbjpHOiyGoiZEpi%tBpieApihzpikyoiOxii%nxvkIxDkKyFkMzHk3BGk%uEGkUFFkrGal_GGlZGRmXGJocG2qtFnrdEds_C3ttBvt^TxOA%PzOA%Pzso%Txso" /><g i="13" c="279" p="#^Xw3wex1wOx0wmy$v1z$vIz_vkA_v%8I_vaIOvfIlvkIUuoIsusI0usISt%sIMotIDmQHolcH8kXFyjHEYiPCKieBvieAlifzaiXy6iFyQigyGjUxvkBxmljxdmix$mgxno6yhpYybq0Btq%wBjo9A5oCzFn3zcn4zwm5z5mhzAluz3lNztkhAyk$AGkJBNkzCWk5EalYEGlQF9mbG0nyGTnyGfp%yGJt%9BJt_zKtWyLtSxMtmxRt" /><g i="14" c="282" p="#^qw4wSw1wvx$v8y_vUy_v%TA_v%dBKteB2tbBPr9Bzq5B9p1BKnYAxmUAjlRAGk%eFGkoGGkXG3lvHrlGHemSH0nRHfo%RH_v%NJ_v%NJynPJrltJjk7JbjaINieHniqFpi%kBpi9Api4zpi0ypioxii%Ywvk9xAkwxDkTxFkeyGkCyGkRyGk%WyGk_yil2zqm7zynazUoezeqgzwrjzNskzJt%YyJt_xJtzxLt8xNtUwRt" /><g i="15" c="283" p="#^kx_v%hz_vvzNuKztt_z8sdAYqsALpFAVoQA0ogB$mIBZlyCeloDvkMEskcGukWGnlEHfmTHGn6I4p5IGq5Iqr4Ibs4IYs3ILt%rFLtoEKtADLtNCMtnCRt%YB3wnC1waD$v_D_vME_v%HJ_vKJOvPJjvUJQuYJnu1KVt1KMt%1KAq3K8oEJgmeJnkaIij7HcibFbiPDciQCLiSBijfB5kEAUklAHlaAekizkjrypiWw9i%twukHxKkjyClXyumIykozygpkyzq6ySrRxhtAxHukx_v" /><g i="16" c="284" p="#^UxcwozTvSA0vlC9uzDQsNEvrwFMpfG0ogGVlhGNk0G$jMFdj4FPioEpi7Dpi%hypi%hyDghycfdy7e9y1d1yLc%0w5d9wqdew4ejwJelwwfnwignw4h%nwGk%kCGkjDEkOD1lhEplhEymfEjotDKpHC9rlB9s0A9tlyFt" /><g i="17" c="285" p="#^vwbwmyawKz8v6B6uJBksIB1tLBNtPBwuVB6v$BIv7C_v%3E_vTDfvMD3uFDTsDDtr%wDQnuDdmbDblVC9k3CzjeBYiBzCi_ytiryliUxdiBx6i%8xiklxokJxuk6yAkwyHkWyNkczRk7A4lEAql9BLlmBmmzBYmABZn%ABYozBAqRADr7AFs2z9tZxFtUwIt" /><g i="18" c="286" p="#^uFpi%rApiozpisyoiwxmi$whi%AwvkOwAkjxDkRxFknyFkiy$kfyBlcybmcy2n%cy_v%rJ_vwJDvCJ8vJJEuNJeuSJQtSJKt%SJJnUJClyJskcJhjfIQijHniuFpi^ZHko%ZHJt%3AJt%3AGk%oFGkwGGk4H4lEHtlPHhm_H5nZHko" /><g i="19" c="287" p="#^Xx_v%lA_v5AbvTzcuGzctEz7sBzVqRzGp6AqoWAonCDxqeFLsTGYuvH_v%8K_vLJmv0JjuhIftsH7sDG$qWF8qhHlp0I3oMINmMIdlMIpkFIIjyI_iiIhi%SFvicGjjoG7kAGWkCGElBGRm9GEnKFqoZEWo0DvmBBTkaAejdzhi%ywti%twBiexij6yck$y6lRz4mxyun$x9ptxQqvxGsvxwtCxouKxfvXx_v" /><g i="20" c="290" p="#^cy_v%6A_v%6AGk%MEGkXFGkvG1l4HolfHdmqH1npHpo%pH_v%lJ_v%lJGnnJDl1JtkIIjjLHSiOGoi$Epi%tApibzpiiyoipxmi$whi%AwxkGwyk0xAknxBkMxDk9yEkoyFkiy2lfyYlcySmcy7o" /><g i="21" c="291" p="#^LDOA%FFOA%FFSkGFOjzFgjsFKi6FziMEoi5Epi%$zpiIypiOxoiVwmiwwhi%5wxkmwCk3xEkMxGkTyGkWyGkvzGk4AGkQAGkABGk9CGkKCGkOCGkaDGknDLkADQkFD9lLDtlLD9m" /><g i="22" c="292" p="#^eyvz3zpyRzSwDAkv8BitFBgrHBHoGB8m9B8kEA8iRzEg3z7fey2e%uw2eVx_fSyBiPzclSzHoPzesSyWuWxCxuwvz" /><g i="23" c="293" p="%^fxIeGxHk1zHkqzIe^$AIeqBHkLCHk8DIe" /><g i="24" c="296" p="#^fyWyCyjy2zixuzhwVz6vlAXtEASs%cy6t4y1uQx7vBxdwixfx$wiyKw3z" /><g i="25" c="297" p="#^8B2eiA8fvzHgJydicygkIximGxSoHxprcyptJypvvzWwiAry8Bvz%UCvzYBdybBDwqA2vYz7tvzbruzSowzjltAEiqBYfUC2e" /><g i="26" c="300" p="#^Gz9wcA7w2B1wVBYvUCMvAEtv6GquEHmtCIrrBJvpDJAmFJhlnJmk6JqjkIWiyHpi2Gpi%mApiAzpiRyoi6ynizxmi1xkiPwhi%mwvkCwzkVwCkdxEkExFkNxol0yNmfy9oyySpRyyr7zdtqzTuGz9w^bBPt1BVsPAFrCAoqnA2p9AInYzymLzolEzGk%tFGkKGGkcHhlHHUlGH7nGHKocH3qLGorMFisNEbteDwtCCEt3CJtxBNtbBPt" /><g i="27" c="301" p="#^$zOA%XBOA%XBLnYBXlDBWkjBVjxApjMzUiqyCiDxribxjiLwbiww6i%5whklwpkKwxk7xEkOxOkLy1ldzqlIzOlRztm$z7n$zco" /><g i="28" c="302" p="#^rz9w3A6w2B$v2CUv8DFvbEsvhFXuoGqukHvtgIAsRIbrqJNprJOnsJbmYIWktIEjrHVipGaiPE9ibE8iEDei5DkiwCyi%5CTkzCHk6DzkGDrknEqkPFskEGqluHomvHcouHmqlGKrdF6t7DutmCDtRBHtkBLt0BMtyApq2Aunzzyk5zhi%LwvihxvkLxPmey7pEyxr3zWtrz9w" /><g i="29" c="303" p="#^vw3wPw0wnx$vYx_vBy_vfz_vOz_v%GG_v_GDueHNsuHWquHUowHAm7H8lLGIjGF2jCEoiACpi%vApiqzpiByoiMxninxii%WwxkcxCkXxEkHyGkOzGk%5CGk6EEkSEElCFDmAF5pzFeqqFvriFMs5FLt%kALtbzKtfyLtkxMtWwPt" /><g i="30" c="304" p="#^Ky_v%HA_vDAXuzAGtvAossA9rpAVpnAWomAWnnAqnqA6mGAGlXAeltBilMBjliColRCtlgDul%EDfj$Ccj$B5j$AZiWzPiRyFiXxti2xhiCw6i%bwjkvwrk2xzkBxHkcyPkPyWkjz_kSytlFycmsyWmqy_npySouyRqAyQsKy_v" /><g i="31" c="306" p="#^UBbr%TBzqOBDp7CKotCRngDSmcEQlPEPkqFNjrFwisFzh$EKgyEUfCDofHCTefBSefASeiz7flyofGxRf%hyshMy3hrzSg7AFgOAEg_BGgACfhbDQhcDOibDDjKCrkhCflsBemwAmn8AsoMzxpTzxq%Yzbr^TAfwyBewYBPvmCnvmCIulC$tXBAtyB8tTA8tcA8tOzAtpz$tpzIupznvOzPvcAewTAfw" /><g i="32" c="307" p="%^LwVoLwoqeHoqeHVo" /><g i="33" c="308" p="#^SyfwzzewYzPvmAnvmAIumA_tZzytAz6tUy6tdy6tPxytqx_tqxIupxnvPxPvdyewSyfw" /><g i="34" c="309" p="%^Yw4oYw3q6D3q6D4o" /><g i="35" c="310" p="#^PAar%lBQoVzAokz0oMysnNyKmOyim0zIlez6lxzxkDzykiAFkZALkXBWkADclnEKlbFgmrFenHFcoGFNp%GFOA%CHOA%CH1pDHBm1HjlsG1kbFujWDWiUBFiHAtiUzli6zciKy6iryXi0yRjBxKkgxElXwxmWwnnWw1pUx_pSyXqPAar" /></glyphs></font><font id="40" name="Symbol Charset1 6mIRM7stiEV"><glyphs><g i="0" c="256" p="#^dGXodGNqVE5sBDptLBptVzptBy5shxNqhxXohx5nByOlVzukLBukBDukVEOldG5ndGXo" /><g i="1" c="257" p="#" /></glyphs></font></bwFonts>